Major Group,Sub-Major Group,Minor Group,Unit Group,Occupation,Occupation Description,Skill Level,
1,11,111,1111,111111,Chief Executive or Managing Director,1,
1,11,111,1112,111211,Corporate General Manager,1,
1,11,111,1112,111212,Defence Force Senior Officer,1,
1,11,111,1113,111311,Local Government Legislator,1,
1,11,111,1113,111312,Member of Parliament,1,
1,11,111,1113,111399,Legislators nec,1,
1,12,121,1211,121111,Aquaculture Farmer,1,
1,12,121,1212,121211,Cotton Grower,1,
1,12,121,1212,121212,Flower Grower,1,
1,12,121,1212,121213,Fruit or Nut Grower,1,
1,12,121,1212,121214,"Grain, Oilseed or Pasture Grower \ Field Crop Grower",1,
1,12,121,1212,121215,Grape Grower,1,
1,12,121,1212,121216,Mixed Crop Farmer,1,
1,12,121,1212,121217,Sugar Cane Grower,1,
1,12,121,1212,121218,Turf Grower,1,
1,12,121,1212,121221,Vegetable Grower (Aus) \ Market Gardener (NZ),1,
1,12,121,1212,121299,Crop Farmers nec,1,
1,12,121,1213,121311,Apiarist,1,
1,12,121,1213,121312,Beef Cattle Farmer,1,
1,12,121,1213,121313,Dairy Cattle Farmer,1,
1,12,121,1213,121314,Deer Farmer,1,
1,12,121,1213,121315,Goat Farmer,1,
1,12,121,1213,121316,Horse Breeder,1,
1,12,121,1213,121317,Mixed Livestock Farmer,1,
1,12,121,1213,121318,Pig Farmer,1,
1,12,121,1213,121321,Poultry Farmer,1,
1,12,121,1213,121322,Sheep Farmer,1,
1,12,121,1213,121399,Livestock Farmers nec,1,
1,12,121,1214,121411,Mixed Crop and Livestock Farmer,1,
1,13,131,1311,131111,code retired (ANZSCO Revision 1),,
1,13,131,1311,131112,Sales and Marketing Manager,1,
1,13,131,1311,131113,Advertising Manager,1,
1,13,131,1311,131114,Public Relations Manager,1,
1,13,132,1321,132111,Corporate Services Manager,1,
1,13,132,1322,132211,Finance Manager,1,
1,13,132,1323,132311,Human Resource Manager,1,
1,13,132,1324,132411,Policy and Planning Manager,1,
1,13,132,1325,132511,Research and Development Manager,1,
1,13,133,1331,133111,Construction Project Manager,1,
1,13,133,1331,133112,Project Builder,1,
1,13,133,1332,133211,Engineering Manager,1,
1,13,133,1333,133311,Importer or Exporter,1,
1,13,133,1333,133312,Wholesaler,1,
1,13,133,1334,133411,Manufacturer,1,
1,13,133,1335,133511,Production Manager (Forestry),1,
1,13,133,1335,133512,Production Manager (Manufacturing),1,
1,13,133,1335,133513,Production Manager (Mining),1,
1,13,133,1336,133611,Supply and Distribution Manager,1,
1,13,133,1336,133612,Procurement Manager,1,
1,13,134,1341,134111,Child Care Centre Manager,1,
1,13,134,1342,134211,Medical Administrator \ Medical Superintendent,1,
1,13,134,1342,134212,Nursing Clinical Director,1,
1,13,134,1342,134213,Primary Health Organisation Manager,1,
1,13,134,1342,134214,Welfare Centre Manager,1,
1,13,134,1342,134299,Health and Welfare Services Managers nec,1,
1,13,134,1343,134311,School Principal,1,
1,13,134,1344,134411,Faculty Head,1,
1,13,134,1344,134412,Regional Education Manager,1,
1,13,134,1344,134499,Education Managers nec,1,
1,13,135,1351,135111,Chief Information Officer,1,
1,13,135,1351,135112,ICT Project Manager,1,
1,13,135,1351,135199,ICT Managers nec,1,
1,13,139,1391,139111,Commissioned Defence Force Officer,1,
1,13,139,1391,139112,Commissioned Fire Officer,1,
1,13,139,1391,139113,Commissioned Police Officer,1,
1,13,139,1392,139211,Senior Non-commissioned Defence Force Member,1,
1,13,139,1399,139911,Arts Administrator or Manager,1,
1,13,139,1399,139912,Environmental Manager,1,
1,13,139,1399,139913,Laboratory Manager,1,
1,13,139,1399,139914,Quality Assurance Manager,1,
1,13,139,1399,139915,Sports Administrator,1,
1,13,139,1399,139999,Specialist Managers nec,1,
1,14,141,1411,141111,Cafe or Restaurant Manager,2,
1,14,141,1412,141211,Caravan Park and Camping Ground Manager,2,
1,14,141,1413,141311,Hotel or Motel Manager,2,
1,14,141,1414,141411,Licensed Club Manager,2,
1,14,141,1419,141911,Bed and Breakfast Operator,2,
1,14,141,1419,141912,Retirement Village Manager,2,
1,14,141,1419,141999,Accommodation and Hospitality Managers nec,2,
1,14,142,1421,142111,Retail Manager (General),2,
1,14,142,1421,142112,Antique Dealer,2,
1,14,142,1421,142113,Betting Agency Manager,2,
1,14,142,1421,142114,Hair or Beauty Salon Manager,2,
1,14,142,1421,142115,Post Office Manager,2,
1,14,142,1421,142116,Travel Agency Manager,2,
1,14,149,1491,149111,Amusement Centre Manager,2,
1,14,149,1491,149112,Fitness Centre Manager,2,
1,14,149,1491,149113,Sports Centre Manager,2,
1,14,149,1492,149211,Call or Contact Centre Manager,2,
1,14,149,1492,149212,Customer Service Manager,2,
1,14,149,1493,149311,Conference and Event Organiser,2,
1,14,149,1494,149411,Fleet Manager,2,
1,14,149,1494,149412,Railway Station Manager,2,
1,14,149,1494,149413,Transport Company Manager,2,
1,14,149,1499,149911,Boarding Kennel or Cattery Operator,2,
1,14,149,1499,149912,Cinema or Theatre Manager,2,
1,14,149,1499,149913,Facilities Manager,2,
1,14,149,1499,149914,Financial Institution Branch Manager,2,
1,14,149,1499,149915,Equipment Hire Manager,2,
1,14,149,1499,149999,"Hospitality, Retail and Service Managers nec",2,
2,21,211,2111,211111,Actor,1,
2,21,211,2111,211112,Dancer or Choreographer,1,
2,21,211,2111,211113,Entertainer or Variety Artist,1,
2,21,211,2111,211199,"Actors, Dancers and Other Entertainers nec",1,
2,21,211,2112,211211,Composer,1,
2,21,211,2112,211212,Music Director,1,
2,21,211,2112,211213,Musician (Instrumental),1,
2,21,211,2112,211214,Singer,1,
2,21,211,2112,211299,Music Professionals nec,1,
2,21,211,2113,211311,Photographer,2,
2,21,211,2114,211411,Painter (Visual Arts),1,
2,21,211,2114,211412,Potter or Ceramic Artist,"1 Aus,2 NZ",
2,21,211,2114,211413,Sculptor,1,
2,21,211,2114,211499,Visual Arts and Crafts Professionals nec,"1 Aus,2 NZ",
2,21,212,2121,212111,Artistic Director,1,
2,21,212,2121,212112,Media Producer (excluding Video),1,
2,21,212,2121,212113,Radio Presenter,1,
2,21,212,2121,212114,Television Presenter,1,
2,21,212,2122,212211,Author,1,
2,21,212,2122,212212,Book or Script Editor,1,
2,21,212,2123,212311,"Art Director (Film, Television or Stage)",1,
2,21,212,2123,212312,"Director (Film, Television, Radio or Stage)",1,
2,21,212,2123,212313,Director of Photography,1,
2,21,212,2123,212314,Film and Video Editor,1,
2,21,212,2123,212315,Program Director (Television or Radio),1,
2,21,212,2123,212316,Stage Manager,1,
2,21,212,2123,212317,Technical Director,1,
2,21,212,2123,212318,Video Producer,1,
2,21,212,2123,212399,"Film, Television, Radio and Stage Directors nec",1,
2,21,212,2124,212411,Copywriter,1,
2,21,212,2124,212412,Newspaper or Periodical Editor,1,
2,21,212,2124,212413,Print Journalist,1,
2,21,212,2124,212414,Radio Journalist,1,
2,21,212,2124,212415,Technical Writer,1,
2,21,212,2124,212416,Television Journalist,1,
2,21,212,2124,212499,Journalists and Other Writers nec,1,
2,22,221,2211,221111,Accountant (General),1,
2,22,221,2211,221112,Management Accountant,1,
2,22,221,2211,221113,Taxation Accountant,1,
2,22,221,2212,221211,Company Secretary,1,
2,22,221,2212,221212,Corporate Treasurer,1,
2,22,221,2212,221213,External Auditor,1,
2,22,221,2212,221214,Internal Auditor,1,
2,22,222,2221,222111,Commodities Trader,2,
2,22,222,2221,222112,Finance Broker,2,
2,22,222,2221,222113,Insurance Broker,2,
2,22,222,2221,222199,Financial Brokers nec,2,
2,22,222,2222,222211,Financial Market Dealer,"1 Aus,2 NZ",
2,22,222,2222,222212,Futures Trader,"1 Aus,2 NZ",
2,22,222,2222,222213,Stockbroking Dealer,"1 Aus,2 NZ",
2,22,222,2222,222299,Financial Dealers nec,"1 Aus,2 NZ",
2,22,222,2223,222311,Financial Investment Adviser,"1 Aus,2 NZ",
2,22,222,2223,222312,Financial Investment Manager,"1 Aus,2 NZ",
2,22,223,2231,223111,Human Resource Adviser,1,
2,22,223,2231,223112,Recruitment Consultant,1,
2,22,223,2231,223113,Workplace Relations Adviser,1,
2,22,223,2232,223211,ICT Trainer,1,
2,22,223,2233,223311,Training and Development Professional,1,
2,22,224,2241,224111,Actuary,1,
2,22,224,2241,224112,Mathematician,1,
2,22,224,2241,224113,Statistician,1,
2,22,224,2242,224211,Archivist,1,
2,22,224,2242,224212,Gallery or Museum Curator,1,
2,22,224,2242,224213,Health Information Manager,1,
2,22,224,2242,224214,Records Manager,1,
2,22,224,2243,224311,Economist,1,
2,22,224,2244,224411,Intelligence Officer,1,
2,22,224,2244,224412,Policy Analyst,1,
2,22,224,2245,224511,Land Economist,1,
2,22,224,2245,224512,Valuer,1,
2,22,224,2246,224611,Librarian,1,
2,22,224,2247,224711,Management Consultant,1,
2,22,224,2247,224712,Organisation and Methods Analyst,1,
2,22,224,2249,224911,Electorate Officer,1,
2,22,224,2249,224912,Liaison Officer,1,
2,22,224,2249,224913,Migration Agent \ Immigration Consultant,1,
2,22,224,2249,224914,Patents Examiner,1,
2,22,224,2249,224999,Information and Organisation Professionals nec,1,
2,22,225,2251,225111,Advertising Specialist,1,
2,22,225,2251,225112,Market Research Analyst,1,
2,22,225,2251,225113,Marketing Specialist,1,
2,22,225,2252,225211,ICT Account Manager,1,
2,22,225,2252,225212,ICT Business Development Manager,1,
2,22,225,2252,225213,ICT Sales Representative,1,
2,22,225,2253,225311,Public Relations Professional,1,
2,22,225,2254,225411,Sales Representative (Industrial Products),1,
2,22,225,2254,225412,Sales Representative (Medical and Pharmaceutical Products),1,
2,22,225,2254,225499,Technical Sales Representatives nec,1,
2,23,231,2311,231111,Aeroplane Pilot,1,
2,23,231,2311,231112,Air Traffic Controller,1,
2,23,231,2311,231113,Flying Instructor,1,
2,23,231,2311,231114,Helicopter Pilot,1,
2,23,231,2311,231199,Air Transport Professionals nec,1,
2,23,231,2312,231211,Master Fisher,2,
2,23,231,2312,231212,Ship's Engineer,2,
2,23,231,2312,231213,Ship's Master,2,
2,23,231,2312,231214,Ship's Officer,2,
2,23,231,2312,231215,Marine Surveyor,2,
2,23,231,2312,231299,Marine Transport Professionals nec,2,
2,23,232,2321,232111,Architect,1,
2,23,232,2321,232112,Landscape Architect,1,
2,23,232,2322,232211,code retired (ANZSCO Revision 1),,
2,23,232,2322,232212,Surveyor,1,
2,23,232,2322,232213,Cartographer,1,
2,23,232,2322,232214,Other Spatial Scientist,1,
2,23,232,2323,232311,Fashion Designer,1,
2,23,232,2323,232312,Industrial Designer,1,
2,23,232,2323,232313,Jewellery Designer,1,
2,23,232,2324,232411,Graphic Designer,1,
2,23,232,2324,232412,Illustrator,1,
2,23,232,2324,232413,Multimedia Designer,1,
2,23,232,2324,232414,Web Designer,1,
2,23,232,2325,232511,Interior Designer,2,
2,23,232,2326,232611,Urban and Regional Planner,1,
2,23,233,2331,233111,Chemical Engineer,1,
2,23,233,2331,233112,Materials Engineer,1,
2,23,233,2332,233211,Civil Engineer,1,
2,23,233,2332,233212,Geotechnical Engineer,1,
2,23,233,2332,233213,Quantity Surveyor,1,
2,23,233,2332,233214,Structural Engineer,1,
2,23,233,2332,233215,Transport Engineer,1,
2,23,233,2333,233311,Electrical Engineer,1,
2,23,233,2334,233411,Electronics Engineer,1,
2,23,233,2335,233511,Industrial Engineer,1,
2,23,233,2335,233512,Mechanical Engineer,1,
2,23,233,2335,233513,Production or Plant Engineer,1,
2,23,233,2336,233611,Mining Engineer (excluding Petroleum),1,
2,23,233,2336,233612,Petroleum Engineer,1,
2,23,233,2339,233911,Aeronautical Engineer,1,
2,23,233,2339,233912,Agricultural Engineer,1,
2,23,233,2339,233913,Biomedical Engineer,1,
2,23,233,2339,233914,Engineering Technologist,1,
2,23,233,2339,233915,Environmental Engineer,1,
2,23,233,2339,233916,Naval Architect \ Marine Designer,1,
2,23,233,2339,233999,Engineering Professionals nec,1,
2,23,234,2341,234111,Agricultural Consultant,1,
2,23,234,2341,234112,Agricultural Scientist,1,
2,23,234,2341,234113,Forester \ Forest Scientist,1,
2,23,234,2342,234211,Chemist,1,
2,23,234,2342,234212,Food Technologist,1,
2,23,234,2342,234213,Wine Maker,1,
2,23,234,2343,234311,Conservation Officer,1,
2,23,234,2343,234312,Environmental Consultant,1,
2,23,234,2343,234313,Environmental Research Scientist,1,
2,23,234,2343,234314,Park Ranger,1,
2,23,234,2343,234399,Environmental Scientists nec,1,
2,23,234,2344,234411,Geologist,1,
2,23,234,2344,234412,Geophysicist,1,
2,23,234,2344,234413,Hydrogeologist,1,
2,23,234,2345,234511,Life Scientist (General),1,
2,23,234,2345,234512,code retired,,
2,23,234,2345,234513,Biochemist,1,
2,23,234,2345,234514,Biotechnologist,1,
2,23,234,2345,234515,Botanist,1,
2,23,234,2345,234516,Marine Biologist,1,
2,23,234,2345,234517,Microbiologist,1,
2,23,234,2345,234518,Zoologist,1,
2,23,234,2345,234599,Life Scientists nec,1,
2,23,234,2346,234611,Medical Laboratory Scientist,1,
2,23,234,2347,234711,Veterinarian,1,
2,23,234,2349,234911,Conservator,1,
2,23,234,2349,234912,Metallurgist,1,
2,23,234,2349,234913,Meteorologist,1,
2,23,234,2349,234914,Physicist,1,
2,23,234,2349,234915,Exercise Physiologist,1,
2,23,234,2349,234999,Natural and Physical Science Professionals nec,1,
2,24,241,2411,241111,Early Childhood (Pre-primary School) Teacher,1,
2,24,241,2411,241112,Kaiako Kohanga Reo (Maori Language Nest Teacher),1,
2,24,241,2412,241211,Kaiako Kura Kaupapa Maori (Maori-medium Primary School Teacher),1,
2,24,241,2412,241212,Pouako Kura Kaupapa Maori (Maori-medium Primary School Senior Teacher),1,
2,24,241,2412,241213,Primary School Teacher,1,
2,24,241,2413,241311,Middle School Teacher \ Intermediate School Teacher,1,
2,24,241,2414,241411,Secondary School Teacher,1,
2,24,241,2415,241511,Special Needs Teacher,1,
2,24,241,2415,241512,Teacher of the Hearing Impaired,1,
2,24,241,2415,241513,Teacher of the Sight Impaired,1,
2,24,241,2415,241599,Special Education Teachers nec,1,
2,24,242,2421,242111,University Lecturer,1,
2,24,242,2421,242112,University Tutor,1,
2,24,242,2422,242211,Vocational Education Teacher \ Polytechnic Teacher,1,
2,24,249,2491,249111,Education Adviser,1,
2,24,249,2491,249112,Education Reviewer,1,
2,24,249,2492,249211,Art Teacher (Private Tuition),1,
2,24,249,2492,249212,Dance Teacher (Private Tuition),1,
2,24,249,2492,249213,Drama Teacher (Private Tuition),1,
2,24,249,2492,249214,Music Teacher (Private Tuition),1,
2,24,249,2492,249299,Private Tutors and Teachers nec,1,
2,24,249,2493,249311,Teacher of English to Speakers of Other Languages,1,
2,25,251,2511,251111,Dietitian,1,
2,25,251,2511,251112,Nutritionist,1,
2,25,251,2512,251211,Medical Diagnostic Radiographer,1,
2,25,251,2512,251212,Medical Radiation Therapist,1,
2,25,251,2512,251213,Nuclear Medicine Technologist,1,
2,25,251,2512,251214,Sonographer,1,
2,25,251,2513,251311,Environmental Health Officer,1,
2,25,251,2513,251312,Occupational Health and Safety Adviser,1,
2,25,251,2514,251411,Optometrist,1,
2,25,251,2514,251412,Orthoptist,1,
2,25,251,2515,251511,Hospital Pharmacist,1,
2,25,251,2515,251512,Industrial Pharmacist,1,
2,25,251,2515,251513,Retail Pharmacist,1,
2,25,251,2519,251911,Health Promotion Officer,1,
2,25,251,2519,251912,Orthotist or Prosthetist,1,
2,25,251,2519,251999,Health Diagnostic and Promotion Professionals nec,1,
2,25,252,2521,252111,Chiropractor,1,
2,25,252,2521,252112,Osteopath,1,
2,25,252,2522,252211,Acupuncturist,1,
2,25,252,2522,252212,Homoeopath,1,
2,25,252,2522,252213,Naturopath,1,
2,25,252,2522,252214,Traditional Chinese Medicine Practitioner,1,
2,25,252,2522,252215,Traditional Maori Health Practitioner,1,
2,25,252,2522,252299,Complementary Health Therapists nec,1,
2,25,252,2523,252311,Dental Specialist,1,
2,25,252,2523,252312,Dentist,1,
2,25,252,2524,252411,Occupational Therapist,1,
2,25,252,2525,252511,Physiotherapist,1,
2,25,252,2526,252611,Podiatrist,1,
2,25,252,2527,252711,Audiologist,1,
2,25,252,2527,252712,Speech Pathologist \ Speech Language Therapist,1,
2,25,253,2531,253111,General  Practitioner,1,
2,25,253,2531,253112,Resident Medical Officer,1,
2,25,253,2532,253211,Anaesthetist,1,
2,25,253,2533,253311,Specialist Physician (General Medicine),1,
2,25,253,2533,253312,Cardiologist,1,
2,25,253,2533,253313,Clinical Haematologist,1,
2,25,253,2533,253314,Medical Oncologist,1,
2,25,253,2533,253315,Endocrinologist,1,
2,25,253,2533,253316,Gastroenterologist,1,
2,25,253,2533,253317,Intensive Care Specialist,1,
2,25,253,2533,253318,Neurologist,1,
2,25,253,2533,253321,Paediatrician,1,
2,25,253,2533,253322,Renal Medicine Specialist,1,
2,25,253,2533,253323,Rheumatologist,1,
2,25,253,2533,253324,Thoracic Medicine Specialist,1,
2,25,253,2533,253399,Specialist Physicians nec,1,
2,25,253,2534,253411,Psychiatrist,1,
2,25,253,2535,253511,Surgeon (General),1,
2,25,253,2535,253512,Cardiothoracic Surgeon,1,
2,25,253,2535,253513,Neurosurgeon,1,
2,25,253,2535,253514,Orthopaedic Surgeon,1,
2,25,253,2535,253515,Otorhinolaryngologist,1,
2,25,253,2535,253516,Paediatric Surgeon,1,
2,25,253,2535,253517,Plastic and Reconstructive Surgeon,1,
2,25,253,2535,253518,Urologist,1,
2,25,253,2535,253521,Vascular Surgeon,1,
2,25,253,2539,253911,Dermatologist,1,
2,25,253,2539,253912,Emergency Medicine Specialist,1,
2,25,253,2539,253913,Obstetrician and Gynaecologist,1,
2,25,253,2539,253914,Ophthalmologist,1,
2,25,253,2539,253915,Pathologist,1,
2,25,253,2539,253916,code retired (ANZSCO Revision 1),,
2,25,253,2539,253917,Diagnostic and Interventional Radiologist,1,
2,25,253,2539,253918,Radiation Oncologist,1,
2,25,253,2539,253999,Medical Practitioners nec,1,
2,25,254,2541,254111,Midwife,1,
2,25,254,2542,254211,Nurse Educator,1,
2,25,254,2542,254212,Nurse Researcher,1,
2,25,254,2543,254311,Nurse Manager,1,
2,25,254,2544,254411,Nurse Practitioner,1,
2,25,254,2544,254412,Registered Nurse (Aged Care),1,
2,25,254,2544,254413,Registered Nurse (Child and Family Health),1,
2,25,254,2544,254414,Registered Nurse (Community Health),1,
2,25,254,2544,254415,Registered Nurse (Critical Care and Emergency),1,
2,25,254,2544,254416,Registered Nurse (Developmental Disability),1,
2,25,254,2544,254417,Registered Nurse (Disability and Rehabilitation),1,
2,25,254,2544,254418,Registered Nurse (Medical),1,
2,25,254,2544,254421,Registered Nurse (Medical Practice),1,
2,25,254,2544,254422,Registered Nurse (Mental Health),1,
2,25,254,2544,254423,Registered Nurse (Perioperative),1,
2,25,254,2544,254424,Registered Nurse (Surgical),1,
2,25,254,2544,254425,Registered Nurse (Paediatrics),1,
2,25,254,2544,254499,Registered Nurses nec,1,
2,26,261,2611,261111,ICT Business Analyst,1,
2,26,261,2611,261112,Systems Analyst,1,
2,26,261,2612,261211,Multimedia Specialist,1,
2,26,261,2612,261212,Web Developer,1,
2,26,261,2613,261311,Analyst Programmer,1,
2,26,261,2613,261312,Developer Programmer,1,
2,26,261,2613,261313,Software Engineer,1,
2,26,261,2613,261314,Software Tester,1,
2,26,261,2613,261399,Software and Applications Programmers nec,1,
2,26,262,2621,262111,Database Administrator,1,
2,26,262,2621,262112,ICT Security Specialist,1,
2,26,262,2621,262113,Systems Administrator,1,
2,26,263,2631,263111,Computer Network and Systems Engineer,1,
2,26,263,2631,263112,Network Administrator,1,
2,26,263,2631,263113,Network Analyst,1,
2,26,263,2632,263211,ICT Quality Assurance Engineer,1,
2,26,263,2632,263212,ICT Support Engineer,1,
2,26,263,2632,263213,ICT Systems Test Engineer,1,
2,26,263,2632,263299,ICT Support and Test Engineers nec,1,
2,26,263,2633,263311,Telecommunications Engineer,1,
2,26,263,2633,263312,Telecommunications Network Engineer,1,
2,27,271,2711,271111,Barrister,1,
2,27,271,2712,271211,Judge,1,
2,27,271,2712,271212,Magistrate,1,
2,27,271,2712,271213,Tribunal Member,1,
2,27,271,2712,271214,Intellectual Property Lawyer,1,
2,27,271,2712,271299,Judicial and Other Legal Professionals nec,1,
2,27,271,2713,271311,Solicitor,1,
2,27,272,2721,272111,Careers Counsellor,1,
2,27,272,2721,272112,Drug and Alcohol Counsellor,1,
2,27,272,2721,272113,Family and Marriage Counsellor,1,
2,27,272,2721,272114,Rehabilitation Counsellor,1,
2,27,272,2721,272115,Student Counsellor,1,
2,27,272,2721,272199,Counsellors nec,1,
2,27,272,2722,272211,Minister of Religion,1,
2,27,272,2723,272311,Clinical Psychologist,1,
2,27,272,2723,272312,Educational Psychologist,1,
2,27,272,2723,272313,Organisational Psychologist,1,
2,27,272,2723,272314,Psychotherapist,1,
2,27,272,2723,272399,Psychologists nec,1,
2,27,272,2724,272411,Historian,1,
2,27,272,2724,272412,Interpreter,1,
2,27,272,2724,272413,Translator,1,
2,27,272,2724,272414,Archaeologist,1,
2,27,272,2724,272499,Social Professionals nec,1,
2,27,272,2725,272511,Social Worker,1,
2,27,272,2726,272611,Community Arts Worker,1,
2,27,272,2726,272612,Recreation Officer \ Recreation Coordinator,1,
2,27,272,2726,272613,Welfare Worker,1,
3,31,311,3111,311111,Agricultural Technician,2,
3,31,311,3112,311211,Anaesthetic Technician,2,
3,31,311,3112,311212,Cardiac Technician,2,
3,31,311,3112,311213,Medical Laboratory Technician,2,
3,31,311,3112,311214,Operating Theatre Technician,3,
3,31,311,3112,311215,Pharmacy Technician,2,
3,31,311,3112,311216,Pathology Collector \ Phlebotomist,3,
3,31,311,3112,311299,Medical Technicians nec,2,
3,31,311,3113,311311,Fisheries Officer,2,
3,31,311,3113,311312,Meat Inspector,2,
3,31,311,3113,311313,Quarantine Officer,2,
3,31,311,3113,311399,Primary Products Inspectors nec,2,
3,31,311,3114,311411,Chemistry Technician,2,
3,31,311,3114,311412,Earth Science Technician,2,
3,31,311,3114,311413,Life Science Technician,2,
3,31,311,3114,311414,School Laboratory Technician,2,
3,31,311,3114,311415,Hydrographer,2,
3,31,311,3114,311499,Science Technicians nec,2,
3,31,312,3121,312111,Architectural Draftsperson,2,
3,31,312,3121,312112,Building Associate,2,
3,31,312,3121,312113,Building Inspector,2,
3,31,312,3121,312114,Construction Estimator,2,
3,31,312,3121,312115,Plumbing Inspector,2,
3,31,312,3121,312116,Surveying or Spatial Science Technician,2,
3,31,312,3121,312199,"Architectural, Building and Surveying Technicians nec",2,
3,31,312,3122,312211,Civil Engineering Draftsperson,2,
3,31,312,3122,312212,Civil Engineering Technician,2,
3,31,312,3123,312311,Electrical Engineering Draftsperson,2,
3,31,312,3123,312312,Electrical Engineering Technician,2,
3,31,312,3124,312411,Electronic Engineering Draftsperson,2,
3,31,312,3124,312412,Electronic Engineering Technician,2,
3,31,312,3125,312511,Mechanical Engineering Draftsperson,2,
3,31,312,3125,312512,Mechanical Engineering Technician,2,
3,31,312,3126,312611,Safety Inspector,2,
3,31,312,3129,312911,Maintenance Planner,2,
3,31,312,3129,312912,Metallurgical or Materials Technician,2,
3,31,312,3129,312913,Mine Deputy,2,
3,31,312,3129,312999,Building and Engineering Technicians nec,2,
3,31,313,3131,313111,Hardware Technician,2,
3,31,313,3131,313112,ICT Customer Support Officer,2,
3,31,313,3131,313113,Web Administrator,2,
3,31,313,3131,313199,ICT Support Technicians nec,2,
3,31,313,3132,313211,Radiocommunications Technician,2,
3,31,313,3132,313212,Telecommunications Field Engineer,2,
3,31,313,3132,313213,Telecommunications Network Planner,2,
3,31,313,3132,313214,Telecommunications Technical Officer or Technologist,2,
3,32,321,3211,321111,Automotive Electrician,3,
3,32,321,3212,321211,Motor Mechanic (General),3,
3,32,321,3212,321212,Diesel Motor Mechanic,3,
3,32,321,3212,321213,Motorcycle Mechanic,3,
3,32,321,3212,321214,Small Engine Mechanic,3,
3,32,322,3221,322111,Blacksmith,3,
3,32,322,3221,322112,Electroplater,3,
3,32,322,3221,322113,Farrier,3,
3,32,322,3221,322114,Metal Casting Trades Worker,3,
3,32,322,3221,322115,Metal Polisher,3,
3,32,322,3222,322211,Sheetmetal Trades Worker,3,
3,32,322,3223,322311,Metal Fabricator,3,
3,32,322,3223,322312,Pressure Welder,3,
3,32,322,3223,322313,Welder (First Class) (Aus) \ Welder (NZ),3,
3,32,323,3231,323111,Aircraft Maintenance Engineer (Avionics),3,
3,32,323,3231,323112,Aircraft Maintenance Engineer (Mechanical),3,
3,32,323,3231,323113,Aircraft Maintenance Engineer (Structures),3,
3,32,323,3232,323211,Fitter (General),3,
3,32,323,3232,323212,Fitter and Turner,3,
3,32,323,3232,323213,Fitter-Welder,3,
3,32,323,3232,323214,Metal Machinist (First Class),3,
3,32,323,3232,323215,"Textile, Clothing and Footwear Mechanic",3,
3,32,323,3232,323299,Metal Fitters and Machinists nec,3,
3,32,323,3233,323311,Engraver,3,
3,32,323,3233,323312,Gunsmith,3,
3,32,323,3233,323313,Locksmith,3,
3,32,323,3233,323314,Precision Instrument Maker and Repairer,3,
3,32,323,3233,323315,Saw Maker and Repairer,3,
3,32,323,3233,323316,Watch and Clock Maker and Repairer,3,
3,32,323,3234,323411,Engineering Patternmaker,3,
3,32,323,3234,323412,Toolmaker,3,
3,32,324,3241,324111,Panelbeater,3,
3,32,324,3242,324211,Vehicle Body Builder,3,
3,32,324,3242,324212,Vehicle Trimmer,3,
3,32,324,3243,324311,Vehicle Painter,3,
3,33,331,3311,331111,Bricklayer,3,
3,33,331,3311,331112,Stonemason,3,
3,33,331,3312,331211,Carpenter and Joiner,3,
3,33,331,3312,331212,Carpenter,3,
3,33,331,3312,331213,Joiner,3,
3,33,332,3321,332111,Floor Finisher,3,
3,33,332,3322,332211,Painting Trades Worker,3,
3,33,333,3331,333111,Glazier,3,
3,33,333,3332,333211,Fibrous Plasterer,3,
3,33,333,3332,333212,Solid Plasterer,3,
3,33,333,3333,333311,Roof Tiler,3,
3,33,333,3334,333411,Wall and Floor Tiler,3,
3,33,334,3341,334111,Plumber (General),3,
3,33,334,3341,334112,Airconditioning and Mechanical Services Plumber,3,
3,33,334,3341,334113,Drainer \ Drainlayer,3,
3,33,334,3341,334114,Gasfitter,3,
3,33,334,3341,334115,Roof Plumber,3,
3,34,341,3411,341111,Electrician (General),3,
3,34,341,3411,341112,Electrician (Special Class),3,
3,34,341,3411,341113,Lift Mechanic,3,
3,34,342,3421,342111,Airconditioning and Refrigeration Mechanic,3,
3,34,342,3422,342211,Electrical Linesworker \ Electrical Line Mechanic,3,
3,34,342,3422,342212,Technical Cable Jointer,3,
3,34,342,3423,342311,Business Machine Mechanic,3,
3,34,342,3423,342312,Communications Operator,3,
3,34,342,3423,342313,Electronic Equipment Trades Worker,3,
3,34,342,3423,342314,Electronic Instrument Trades Worker (General),3,
3,34,342,3423,342315,Electronic Instrument Trades Worker (Special Class),3,
3,34,342,3424,342411,Cabler (Data and Telecommunications),3,
3,34,342,3424,342412,Telecommunications Cable Jointer,3,
3,34,342,3424,342413,Telecommunications Linesworker \ Telecommunications Line Mechanic,3,
3,34,342,3424,342414,Telecommunications Technician,3,
3,35,351,3511,351111,Baker,3,
3,35,351,3511,351112,Pastrycook,3,
3,35,351,3512,351211,Butcher or Smallgoods Maker,3,
3,35,351,3513,351311,Chef,2,
3,35,351,3514,351411,Cook,"3 Aus,4 NZ",
3,36,361,3611,361111,Dog Handler or Trainer,3,
3,36,361,3611,361112,Horse Trainer,3,
3,36,361,3611,361113,Pet Groomer,4,
3,36,361,3611,361114,Zookeeper,3,
3,36,361,3611,361115,Kennel Hand,4,
3,36,361,3611,361199,Animal Attendants and Trainers nec,4,
3,36,361,3612,361211,Shearer,3,
3,36,361,3613,361311,Veterinary Nurse,3,
3,36,362,3621,362111,Florist,3,
3,36,362,3622,362211,Gardener (General),3,
3,36,362,3622,362212,Arborist,3,
3,36,362,3622,362213,Landscape Gardener,3,
3,36,362,3623,362311,Greenkeeper,3,
3,36,362,3624,362411,Nurseryperson,3,
3,39,391,3911,391111,Hairdresser,3,
3,39,392,3921,392111,Print Finisher,3,
3,39,392,3921,392112,Screen Printer,3,
3,39,392,3922,392211,Graphic Pre-press Trades Worker,3,
3,39,392,3923,392311,Printing Machinist,3,
3,39,392,3923,392312,Small Offset Printer,3,
3,39,393,3931,393111,Canvas Goods Fabricator,3,
3,39,393,3931,393112,Leather Goods Maker,3,
3,39,393,3931,393113,Sail Maker,3,
3,39,393,3931,393114,Shoemaker,3,
3,39,393,3932,393211,Apparel Cutter,3,
3,39,393,3932,393212,Clothing Patternmaker,3,
3,39,393,3932,393213,Dressmaker or Tailor,3,
3,39,393,3932,393299,Clothing Trades Workers nec,3,
3,39,393,3933,393311,Upholsterer,3,
3,39,394,3941,394111,Cabinetmaker,3,
3,39,394,3942,394211,Furniture Finisher,3,
3,39,394,3942,394212,Picture Framer,3,
3,39,394,3942,394213,Wood Machinist,3,
3,39,394,3942,394214,Wood Turner,3,
3,39,394,3942,394299,Wood Machinists and Other Wood Trades Workers nec,3,
3,39,399,3991,399111,Boat Builder and Repairer,3,
3,39,399,3991,399112,Shipwright,3,
3,39,399,3992,399211,Chemical Plant Operator,3,
3,39,399,3992,399212,Gas or Petroleum Operator,3,
3,39,399,3992,399213,Power Generation Plant Operator,3,
3,39,399,3993,399311,Gallery or Museum Technician,2,
3,39,399,3993,399312,Library Technician,2,
3,39,399,3994,399411,Jeweller,3,
3,39,399,3995,399511,Broadcast Transmitter Operator,3,
3,39,399,3995,399512,"Camera Operator (Film, Television or Video)",3,
3,39,399,3995,399513,Light Technician,3,
3,39,399,3995,399514,Make Up Artist,3,
3,39,399,3995,399515,Musical Instrument Maker or Repairer,3,
3,39,399,3995,399516,Sound Technician,3,
3,39,399,3995,399517,Television Equipment Operator,3,
3,39,399,3995,399599,Performing Arts Technicians nec,3,
3,39,399,3996,399611,Signwriter,3,
3,39,399,3999,399911,Diver,3,
3,39,399,3999,399912,Interior Decorator,2,
3,39,399,3999,399913,Optical Dispenser \ Dispensing Optician,3,
3,39,399,3999,399914,Optical Mechanic,3,
3,39,399,3999,399915,Photographer's Assistant,4,
3,39,399,3999,399916,Plastics Technician,3,
3,39,399,3999,399917,Wool Classer,"3 Aus,2 NZ",
3,39,399,3999,399918,Fire Protection Equipment Technician,3,
3,39,399,3999,399999,Technicians and Trades Workers nec,3,
4,41,411,4111,411111,Ambulance Officer,2,
4,41,411,4111,411112,Intensive Care Ambulance Paramedic (Aus) \ Ambulance Paramedic (NZ),1,
4,41,411,4112,411211,Dental Hygienist,1,
4,41,411,4112,411212,Dental Prosthetist,2,
4,41,411,4112,411213,Dental Technician,"2 Aus,1 NZ",
4,41,411,4112,411214,Dental Therapist,1,
4,41,411,4113,411311,Diversional Therapist,3,
4,41,411,4114,411411,Enrolled Nurse,2,
4,41,411,4114,411412,Mothercraft Nurse,2,
4,41,411,4115,411511,Aboriginal and Torres Strait Islander Health Worker,2,
4,41,411,4115,411512,Kaiawhina (Hauora) (Maori Health Assistant),2,
4,41,411,4116,411611,Massage Therapist,2,
4,41,411,4117,411711,Community Worker,2,
4,41,411,4117,411712,Disabilities Services Officer,2,
4,41,411,4117,411713,Family Support Worker,2,
4,41,411,4117,411714,Parole or Probation Officer,2,
4,41,411,4117,411715,Residential Care Officer,2,
4,41,411,4117,411716,Youth Worker,2,
4,42,421,4211,421111,Child Care Worker,3,
4,42,421,4211,421112,Family Day Care Worker,"4 Aus,3 NZ",
4,42,421,4211,421113,Nanny,4,
4,42,421,4211,421114,Out of School Hours Care Worker,3,
4,42,422,4221,422111,Aboriginal and Torres Strait Islander Education Worker,4,
4,42,422,4221,422112,Integration Aide,4,
4,42,422,4221,422113,Kaiawhina Kohanga Reo (Maori Language Nest Assistant),4,
4,42,422,4221,422114,Kaiawhina Kura Kaupapa Maori (Maori-medium School Assistant),4,
4,42,422,4221,422115,Preschool Aide,4,
4,42,422,4221,422116,Teachers' Aide,"4 Aus,3 NZ",
4,42,423,4231,423111,Aged or Disabled Carer,4,
4,42,423,4232,423211,Dental Assistant,4,
4,42,423,4233,423311,Hospital Orderly,4,
4,42,423,4233,423312,Nursing Support Worker,4,
4,42,423,4233,423313,Personal Care Assistant,4,
4,42,423,4233,423314,Therapy Aide,4,
4,42,423,4234,423411,Child or Youth Residential Care Assistant,3,
4,42,423,4234,423412,Hostel Parent,4,
4,42,423,4234,423413,Refuge Worker,3,
4,43,431,4311,431111,Bar Attendant,4,
4,43,431,4311,431112,Barista,4,
4,43,431,4312,431211,Cafe Worker,5,
4,43,431,4313,431311,Gaming Worker,4,
4,43,431,4314,431411,Hotel Service Manager,2,
4,43,431,4315,431511,Waiter,4,
4,43,431,4319,431911,Bar Useful or Busser,5,
4,43,431,4319,431912,Doorperson or Luggage Porter,5,
4,43,431,4319,431999,Hospitality Workers nec,5,
4,44,441,4411,441111,Defence Force Member - Other Ranks,3,
4,44,441,4412,441211,Emergency Service Worker,3,
4,44,441,4412,441212,Fire Fighter,3,
4,44,441,4413,441311,Detective,2,
4,44,441,4413,441312,Police Officer,2,
4,44,442,4421,442111,Prison Officer,4,
4,44,442,4422,442211,"Alarm, Security or Surveillance Monitor",5,
4,44,442,4422,442212,Armoured Car Escort,5,
4,44,442,4422,442213,Crowd Controller,4,
4,44,442,4422,442214,Private Investigator,4,
4,44,442,4422,442215,Retail Loss Prevention Officer,5,
4,44,442,4422,442216,Security Consultant,3,
4,44,442,4422,442217,Security Officer,4,
4,44,442,4422,442299,Security Officers and Guards nec,5,
4,45,451,4511,451111,Beauty Therapist,3,
4,45,451,4512,451211,Driving Instructor,3,
4,45,451,4513,451311,Funeral Director,2,
4,45,451,4513,451399,Funeral Workers nec,3,
4,45,451,4514,451411,Gallery or Museum Guide,4,
4,45,451,4514,451412,Tour Guide,3,
4,45,451,4515,451511,Natural Remedy Consultant,4,
4,45,451,4515,451512,Weight Loss Consultant,4,
4,45,451,4515,451513,Herbalist (Western),4,
4,45,451,4516,451611,Tourist Information Officer,4,
4,45,451,4516,451612,Travel Consultant,3,
4,45,451,4517,451711,Flight Attendant,3,
4,45,451,4517,451799,Travel Attendants nec,4,
4,45,451,4518,451811,Civil Celebrant,3,
4,45,451,4518,451812,Hair or Beauty Salon Assistant,5,
4,45,451,4518,451813,Sex Worker or Escort,5,
4,45,451,4518,451814,Body Artist,4,
4,45,451,4518,451815,First Aid Trainer,3,
4,45,451,4518,451816,Religious Assistant,4,
4,45,451,4518,451899,Personal Service Workers nec,4,
4,45,452,4521,452111,Fitness Instructor,4,
4,45,452,4522,452211,Bungy Jump Master,2,
4,45,452,4522,452212,Fishing Guide,3,
4,45,452,4522,452213,Hunting Guide,3,
4,45,452,4522,452214,Mountain or Glacier Guide,2,
4,45,452,4522,452215,Outdoor Adventure Instructor,3,
4,45,452,4522,452216,Trekking Guide,3,
4,45,452,4522,452217,Whitewater Rafting Guide,3,
4,45,452,4522,452299,Outdoor Adventure Guides nec,3,
4,45,452,4523,452311,Diving Instructor (Open Water),3,
4,45,452,4523,452312,Gymnastics Coach or Instructor,4,
4,45,452,4523,452313,Horse Riding Coach or Instructor,3,
4,45,452,4523,452314,Snowsport Instructor,3,
4,45,452,4523,452315,Swimming Coach or Instructor,4,
4,45,452,4523,452316,Tennis Coach,4,
4,45,452,4523,452317,Other Sports Coach or Instructor,4,
4,45,452,4523,452318,Dog or Horse Racing Official,3,
4,45,452,4523,452321,Sports Development Officer,2,
4,45,452,4523,452322,Sports Umpire,3,
4,45,452,4523,452323,Other Sports Official,3,
4,45,452,4524,452411,Footballer,3,
4,45,452,4524,452412,Golfer,3,
4,45,452,4524,452413,Jockey,3,
4,45,452,4524,452414,Lifeguard,3,
4,45,452,4524,452499,Sportspersons nec,3,
5,51,511,5111,511111,Contract Administrator,2,
5,51,511,5111,511112,Program or Project Administrator,2,
5,51,512,5121,512111,Office Manager,2,
5,51,512,5122,512211,Health Practice Manager,2,
5,51,512,5122,512299,Practice Managers nec,2,
5,52,521,5211,521111,Personal Assistant,2,
5,52,521,5212,521211,Secretary (General),2,
5,52,521,5212,521212,Legal Secretary,2,
5,53,531,5311,531111,General Clerk,4,
5,53,532,5321,532111,Data Entry Operator,4,
5,53,532,5321,532112,Machine Shorthand Reporter,4,
5,53,532,5321,532113,Word Processing Operator,4,
5,54,541,5411,541111,Call or Contact Centre Team Leader,3,
5,54,541,5411,541112,Call or Contact Centre Operator,4,
5,54,541,5412,541211,Information Officer,4,
5,54,542,5421,542111,Receptionist (General),4,
5,54,542,5421,542112,Admissions Clerk,4,
5,54,542,5421,542113,Hotel or Motel Receptionist,4,
5,54,542,5421,542114,Medical Receptionist,4,
5,55,551,5511,551111,Accounts Clerk,4,
5,55,551,5511,551112,Cost Clerk,4,
5,55,551,5512,551211,Bookkeeper,3,
5,55,551,5513,551311,Payroll Clerk,4,
5,55,552,5521,552111,Bank Worker,3,
5,55,552,5522,552211,Credit or Loans Officer (Aus) \ Finance Clerk (NZ),3,
5,55,552,5523,552311,Bookmaker,4,
5,55,552,5523,552312,Insurance Consultant,4,
5,55,552,5523,552313,Money Market Clerk,4,
5,55,552,5523,552314,Statistical Clerk,4,
5,56,561,5611,561111,Betting Agency Counter Clerk,5,
5,56,561,5611,561112,Bookmaker's Clerk,5,
5,56,561,5611,561113,Telephone Betting Clerk,5,
5,56,561,5611,561199,Betting Clerks nec,5,
5,56,561,5612,561211,Courier,5,
5,56,561,5612,561212,Postal Delivery Officer,5,
5,56,561,5613,561311,Filing or Registry Clerk,5,
5,56,561,5614,561411,Mail Clerk,5,
5,56,561,5614,561412,Postal Sorting Officer,5,
5,56,561,5615,561511,Survey Interviewer,5,
5,56,561,5616,561611,Switchboard Operator,5,
5,56,561,5619,561911,Classified Advertising Clerk,5,
5,56,561,5619,561912,Meter Reader,5,
5,56,561,5619,561913,Parking Inspector,5,
5,56,561,5619,561999,Clerical and Office Support Workers nec,5,
5,59,591,5911,591111,code retired (ANZSCO Revision 1),,
5,59,591,5911,591112,Production Clerk,4,
5,59,591,5911,591113,Purchasing Officer,4,
5,59,591,5911,591114,code retired (ANZSCO Revision 1),,
5,59,591,5911,591115,Stock Clerk,4,
5,59,591,5911,591116,Warehouse Administrator,4,
5,59,591,5911,591117,Order Clerk,4,
5,59,591,5912,591211,Despatching and Receiving Clerk,4,
5,59,591,5912,591212,Import-Export Clerk,4,
5,59,599,5991,599111,Conveyancer,2,
5,59,599,5991,599112,Legal Executive,2,
5,59,599,5992,599211,Clerk of Court,3,
5,59,599,5992,599212,Court Bailiff or Sheriff (Aus) \ Court Collections Officer (NZ),3,
5,59,599,5992,599213,Court Orderly (Aus) \ Court Registry Officer (NZ),3,
5,59,599,5992,599214,Law Clerk,3,
5,59,599,5992,599215,Trust Officer,3,
5,59,599,5993,599311,Debt Collector,4,
5,59,599,5994,599411,Human Resource Clerk,4,
5,59,599,5995,599511,Customs Officer,4,
5,59,599,5995,599512,Immigration Officer,4,
5,59,599,5995,599513,Motor Vehicle Licence Examiner,4,
5,59,599,5995,599514,Noxious Weeds and Pest Inspector,4,
5,59,599,5995,599515,Social Security Assessor,4,
5,59,599,5995,599516,Taxation Inspector,4,
5,59,599,5995,599517,Train Examiner,4,
5,59,599,5995,599518,Transport Operations Inspector,4,
5,59,599,5995,599521,Water Inspector,4,
5,59,599,5995,599599,Inspectors and Regulatory Officers nec,4,
5,59,599,5996,599611,Insurance Investigator,3,
5,59,599,5996,599612,Insurance Loss Adjuster,3,
5,59,599,5996,599613,Insurance Risk Surveyor,2,
5,59,599,5997,599711,Library Assistant,4,
5,59,599,5999,599911,code retired (ANZSCO Revision 1),,
5,59,599,5999,599912,"Production Assistant (Film, Television, Radio or Stage)",4,
5,59,599,5999,599913,Proof Reader,4,
5,59,599,5999,599914,Radio Despatcher,4,
5,59,599,5999,599915,Clinical Coder,3,
5,59,599,5999,599916,Facilities Administrator,4,
5,59,599,5999,599999,Clerical and Administrative Workers nec,4,
6,61,611,6111,611111,Auctioneer,3,
6,61,611,6111,611112,Stock and Station Agent,3,
6,61,611,6112,611211,Insurance Agent,"3 Aus,2 NZ",
6,61,611,6113,611311,Sales Representative (Building and Plumbing Supplies),4,
6,61,611,6113,611312,Sales Representative (Business Services),4,
6,61,611,6113,611313,Sales Representative (Motor Vehicle Parts and Accessories),4,
6,61,611,6113,611314,Sales Representative (Personal and Household Goods),4,
6,61,611,6113,611399,Sales Representatives nec,4,
6,61,612,6121,612111,Business Broker,3,
6,61,612,6121,612112,Property Manager,3,
6,61,612,6121,612113,Real Estate Agency Principal \ Real Estate Agency Licensee,2,
6,61,612,6121,612114,Real Estate Agent,"3 Aus,2 NZ",
6,61,612,6121,612115,Real Estate Representative,3,
6,62,621,6211,621111,Sales Assistant (General),5,
6,62,621,6212,621211,ICT Sales Assistant,5,
6,62,621,6213,621311,Motor Vehicle or Caravan Salesperson,4,
6,62,621,6213,621312,Motor Vehicle Parts Interpreter \ Automotive Parts Salesperson,4,
6,62,621,6214,621411,Pharmacy Sales Assistant,5,
6,62,621,6215,621511,Retail Supervisor,4,
6,62,621,6216,621611,Service Station Attendant,5,
6,62,621,6217,621711,Cash Van Salesperson,5,
6,62,621,6217,621712,Door-to-door Salesperson,5,
6,62,621,6217,621713,Street Vendor,5,
6,62,621,6219,621911,Materials Recycler,5,
6,62,621,6219,621912,Rental Salesperson,5,
6,62,621,6219,621999,Sales Assistants and Salespersons nec,5,
6,63,631,6311,631111,Checkout Operator,5,
6,63,631,6311,631112,Office Cashier,5,
6,63,639,6391,639111,Model,5,
6,63,639,6391,639112,Sales Demonstrator,5,
6,63,639,6392,639211,Retail Buyer,3,
6,63,639,6392,639212,Wool Buyer,3,
6,63,639,6393,639311,Telemarketer,5,
6,63,639,6394,639411,Ticket Seller,5,
6,63,639,6394,639412,Transport Conductor,5,
6,63,639,6395,639511,Visual Merchandiser,4,
6,63,639,6399,639911,Other Sales Support Worker,4,
7,71,711,7111,711111,Clay Products Machine Operator,4,
7,71,711,7111,711112,Concrete Products Machine Operator,4,
7,71,711,7111,711113,Glass Production Machine Operator,4,
7,71,711,7111,711114,Stone Processing Machine Operator,4,
7,71,711,7111,711199,"Clay, Concrete, Glass and Stone Processing Machine Operators nec",4,
7,71,711,7112,711211,Industrial Spraypainter,"4 Aus,3 NZ",
7,71,711,7113,711311,Paper Products Machine Operator,"4 Aus,3 NZ",
7,71,711,7113,711312,code retired (ANZSCO Revision 1),,
7,71,711,7113,711313,Sawmilling Operator,"4 Aus,3 NZ",
7,71,711,7113,711314,Other Wood Processing Machine Operator,4,
7,71,711,7114,711411,Photographic Developer and Printer,4,
7,71,711,7115,711511,Plastic Cablemaking Machine Operator,4,
7,71,711,7115,711512,Plastic Compounding and Reclamation Machine Operator,4,
7,71,711,7115,711513,Plastics Fabricator or Welder,4,
7,71,711,7115,711514,Plastics Production Machine Operator (General),4,
7,71,711,7115,711515,Reinforced Plastic and Composite Production Worker,4,
7,71,711,7115,711516,Rubber Production Machine Operator,4,
7,71,711,7115,711599,Plastics and Rubber Production Machine Operators nec,4,
7,71,711,7116,711611,Sewing Machinist,"4 Aus,3 NZ",
7,71,711,7117,711711,Footwear Production Machine Operator,"4 Aus,3 NZ",
7,71,711,7117,711712,Hide and Skin Processing Machine Operator,"4 Aus,3 NZ",
7,71,711,7117,711713,Knitting Machine Operator,"4 Aus,3 NZ",
7,71,711,7117,711714,Textile Dyeing and Finishing Machine Operator,"4 Aus,3 NZ",
7,71,711,7117,711715,Weaving Machine Operator,"4 Aus,3 NZ",
7,71,711,7117,711716,Yarn Carding and Spinning Machine Operator,"4 Aus,3 NZ",
7,71,711,7117,711799,Textile and Footwear Production Machine Operators nec,"4 Aus,3 NZ",
7,71,711,7119,711911,Chemical Production Machine Operator,4,
7,71,711,7119,711912,Motion Picture Projectionist,4,
7,71,711,7119,711913,Sand Blaster,4,
7,71,711,7119,711914,Sterilisation Technician,4,
7,71,711,7119,711999,Machine Operators nec,4,
7,71,712,7121,712111,"Crane, Hoist or Lift Operator","4 Aus,3 NZ",
7,71,712,7122,712211,Driller,4,
7,71,712,7122,712212,Miner,4,
7,71,712,7122,712213,Shot Firer,4,
7,71,712,7123,712311,Engineering Production Worker,4,
7,71,712,7129,712911,Boiler or Engine Operator,4,
7,71,712,7129,712912,Bulk Materials Handling Plant Operator,4,
7,71,712,7129,712913,Cement Production Plant Operator,4,
7,71,712,7129,712914,Concrete Batching Plant Operator,4,
7,71,712,7129,712915,Concrete Pump Operator,4,
7,71,712,7129,712916,Paper and Pulp Mill Operator,"4 Aus,3 NZ",
7,71,712,7129,712917,Railway Signal Operator,4,
7,71,712,7129,712918,Train Controller,4,
7,71,712,7129,712921,Waste Water or Water Plant Operator,"4 Aus,3 NZ",
7,71,712,7129,712922,Weighbridge Operator,4,
7,71,712,7129,712999,Stationary Plant Operators nec,4,
7,72,721,7211,721111,Agricultural and Horticultural Mobile Plant Operator,4,
7,72,721,7211,721112,Logging Plant Operator,"4 Aus,3 NZ",
7,72,721,7212,721211,Earthmoving Plant Operator (General),4,
7,72,721,7212,721212,Backhoe Operator,4,
7,72,721,7212,721213,Bulldozer Operator,4,
7,72,721,7212,721214,Excavator Operator,4,
7,72,721,7212,721215,Grader Operator,4,
7,72,721,7212,721216,Loader Operator,4,
7,72,721,7213,721311,Forklift Driver,4,
7,72,721,7219,721911,Aircraft Baggage Handler and Airline Ground Crew,4,
7,72,721,7219,721912,Linemarker,4,
7,72,721,7219,721913,Paving Plant Operator,"4 Aus,3 NZ",
7,72,721,7219,721914,Railway Track Plant Operator,4,
7,72,721,7219,721915,Road Roller Operator,4,
7,72,721,7219,721916,Streetsweeper Operator,4,
7,72,721,7219,721999,Mobile Plant Operators nec,4,
7,73,731,7311,731111,Chauffeur,4,
7,73,731,7311,731112,Taxi Driver,4,
7,73,731,7311,731199,Automobile Drivers nec,4,
7,73,731,7312,731211,Bus Driver,4,
7,73,731,7312,731212,Charter and Tour Bus Driver,4,
7,73,731,7312,731213,Passenger Coach Driver,4,
7,73,731,7313,731311,Train Driver,"4 Aus,3 NZ",
7,73,731,7313,731312,Tram Driver,4,
7,73,732,7321,732111,Delivery Driver,4,
7,73,733,7331,733111,Truck Driver (General),4,
7,73,733,7331,733112,Aircraft Refueller,4,
7,73,733,7331,733113,Furniture Removalist,4,
7,73,733,7331,733114,Tanker Driver,4,
7,73,733,7331,733115,Tow Truck Driver,4,
7,74,741,7411,741111,Storeperson,4,
8,81,811,8111,811111,Car Detailer,5,
8,81,811,8112,811211,Commercial Cleaner,"5 Aus,4 NZ",
8,81,811,8113,811311,Domestic Cleaner,5,
8,81,811,8114,811411,Commercial Housekeeper,5,
8,81,811,8114,811412,Domestic Housekeeper,5,
8,81,811,8115,811511,Laundry Worker (General),5,
8,81,811,8115,811512,Drycleaner,5,
8,81,811,8115,811513,Ironer or Presser,5,
8,81,811,8116,811611,Carpet Cleaner,4,
8,81,811,8116,811612,Window Cleaner,5,
8,81,811,8116,811699,Cleaners nec,5,
8,82,821,8211,821111,Builder's Labourer,5,
8,82,821,8211,821112,"Drainage, Sewerage and Stormwater Labourer",5,
8,82,821,8211,821113,Earthmoving Labourer,5,
8,82,821,8211,821114,Plumber's Assistant,5,
8,82,821,8212,821211,Concreter,5,
8,82,821,8213,821311,Fencer,4,
8,82,821,8214,821411,Building Insulation Installer,4,
8,82,821,8214,821412,Home Improvement Installer,4,
8,82,821,8215,821511,Paving and Surfacing Labourer,"5 Aus,4 NZ",
8,82,821,8216,821611,Railway Track Worker,4,
8,82,821,8217,821711,Construction Rigger,"4 Aus,3 NZ",
8,82,821,8217,821712,Scaffolder,4,
8,82,821,8217,821713,Steel Fixer,4,
8,82,821,8217,821714,Structural Steel Erector,4,
8,82,821,8219,821911,Crane Chaser,4,
8,82,821,8219,821912,Driller's Assistant,5,
8,82,821,8219,821913,Lagger,5,
8,82,821,8219,821914,Mining Support Worker,5,
8,82,821,8219,821915,Surveyor's Assistant,5,
8,83,831,8311,831111,Baking Factory Worker,"5 Aus,4 NZ",
8,83,831,8311,831112,Brewery Worker,"5 Aus,4 NZ",
8,83,831,8311,831113,Confectionery Maker,"5 Aus,4 NZ",
8,83,831,8311,831114,Dairy Products Maker,5,
8,83,831,8311,831115,Fruit and Vegetable Factory Worker,5,
8,83,831,8311,831116,Grain Mill Worker,"5 Aus,4 NZ",
8,83,831,8311,831117,Sugar Mill Worker,"5 Aus,4 NZ",
8,83,831,8311,831118,Winery Cellar Hand,"5 Aus,4 NZ",
8,83,831,8311,831199,Food and Drink Factory Workers nec,"5 Aus,4 NZ",
8,83,831,8312,831211,Meat Boner and Slicer,4,
8,83,831,8312,831212,Slaughterer,4,
8,83,831,8313,831311,Meat Process Worker,5,
8,83,831,8313,831312,Poultry Process Worker,5,
8,83,831,8313,831313,Seafood Process Worker,5,
8,83,832,8321,832111,Chocolate Packer,5,
8,83,832,8321,832112,Container Filler,5,
8,83,832,8321,832113,Fruit and Vegetable Packer,5,
8,83,832,8321,832114,Meat Packer,5,
8,83,832,8321,832115,Seafood Packer,5,
8,83,832,8321,832199,Packers nec,5,
8,83,832,8322,832211,Product Assembler,5,
8,83,839,8391,839111,Metal Engineering Process Worker,5,
8,83,839,8392,839211,Plastics Factory Worker,"5 Aus,4 NZ",
8,83,839,8392,839212,Rubber Factory Worker,"5 Aus,4 NZ",
8,83,839,8393,839311,Product Examiner,4,
8,83,839,8393,839312,Product Grader,4,
8,83,839,8393,839313,Product Tester,4,
8,83,839,8394,839411,Paper and Pulp Mill Worker,"5 Aus,4 NZ",
8,83,839,8394,839412,Sawmill or Timber Yard Worker,"5 Aus,4 NZ",
8,83,839,8394,839413,Wood and Wood Products Factory Worker,"5 Aus,4 NZ",
8,83,839,8399,839911,Cement and Concrete Plant Worker,"5 Aus,4 NZ",
8,83,839,8399,839912,Chemical Plant Worker,"5 Aus,4 NZ",
8,83,839,8399,839913,Clay Processing Factory Worker,"5 Aus,4 NZ",
8,83,839,8399,839914,Fabric and Textile Factory Worker,"5 Aus,4 NZ",
8,83,839,8399,839915,Footwear Factory Worker,"5 Aus,4 NZ",
8,83,839,8399,839916,Glass Processing Worker,"5 Aus,4 NZ",
8,83,839,8399,839917,Hide and Skin Processing Worker,"5 Aus,4 NZ",
8,83,839,8399,839918,Recycling Worker,"5 Aus,4 NZ",
8,83,839,8399,839999,Factory Process Workers nec,"5 Aus,4 NZ",
8,84,841,8411,841111,Aquaculture Worker,5,
8,84,841,8412,841211,Fruit or Nut Farm Worker,5,
8,84,841,8412,841212,Fruit or Nut Picker,5,
8,84,841,8412,841213,"Grain, Oilseed or Pasture Farm Worker (Aus) \ Field Crop Farm Worker (NZ)",5,
8,84,841,8412,841214,Vegetable Farm Worker (Aus) \ Market Garden Worker (NZ),5,
8,84,841,8412,841215,Vegetable Picker,5,
8,84,841,8412,841216,Vineyard Worker,5,
8,84,841,8412,841217,Mushroom Picker,5,
8,84,841,8412,841299,Crop Farm Workers nec,5,
8,84,841,8413,841311,Forestry Worker,4,
8,84,841,8413,841312,Logging Assistant,4,
8,84,841,8413,841313,Tree Faller,4,
8,84,841,8414,841411,Garden Labourer,5,
8,84,841,8414,841412,Horticultural Nursery Assistant,5,
8,84,841,8415,841511,Beef Cattle Farm Worker,5,
8,84,841,8415,841512,Dairy Cattle Farm Worker,5,
8,84,841,8415,841513,Mixed Livestock Farm Worker,5,
8,84,841,8415,841514,Poultry Farm Worker,5,
8,84,841,8415,841515,Sheep Farm Worker,5,
8,84,841,8415,841516,Stablehand,5,
8,84,841,8415,841517,Wool Handler,5,
8,84,841,8415,841599,Livestock Farm Workers nec,5,
8,84,841,8416,841611,Mixed Crop and Livestock Farm Worker,5,
8,84,841,8419,841911,Hunter-Trapper,5,
8,84,841,8419,841912,code retired (ANZSCO Revision 1),,
8,84,841,8419,841913,Pest Controller,4,
8,84,841,8419,841999,"Farm, Forestry and Garden Workers nec",5,
8,85,851,8511,851111,Fast Food Cook,5,
8,85,851,8512,851211,Pastrycook's Assistant,5,
8,85,851,8512,851299,Food Trades Assistants nec,5,
8,85,851,8513,851311,Kitchenhand,5,
8,89,891,8911,891111,Freight Handler (Rail or Road),5,
8,89,891,8911,891112,Truck Driver's Offsider,5,
8,89,891,8911,891113,Waterside Worker,5,
8,89,891,8912,891211,Shelf Filler,5,
8,89,899,8991,899111,Caretaker,5,
8,89,899,8992,899211,Deck Hand,4,
8,89,899,8992,899212,Fishing Hand,4,
8,89,899,8993,899311,Handyperson,5,
8,89,899,8994,899411,Motor Vehicle Parts and Accessories Fitter (General),4,
8,89,899,8994,899412,Autoglazier,4,
8,89,899,8994,899413,Exhaust and Muffler Repairer,4,
8,89,899,8994,899414,Radiator Repairer,4,
8,89,899,8994,899415,Tyre Fitter,4,
8,89,899,8995,899511,Printer's Assistant,4,
8,89,899,8995,899512,Printing Table Worker,4,
8,89,899,8996,899611,Recycling or Rubbish Collector,5,
8,89,899,8997,899711,Vending Machine Attendant,5,
8,89,899,8999,899911,Bicycle Mechanic,5,
8,89,899,8999,899912,Car Park Attendant,5,
8,89,899,8999,899913,Crossing Supervisor,5,
8,89,899,8999,899914,Electrical or Telecommunications Trades Assistant,5,
8,89,899,8999,899915,Leaflet or Newspaper Deliverer,5,
8,89,899,8999,899916,Mechanic's Assistant,5,
8,89,899,8999,899917,Railways Assistant,5,
8,89,899,8999,899918,Sign Erector,5,
8,89,899,8999,899921,Ticket Collector or Usher,5,
8,89,899,8999,899922,Trolley Collector,5,
8,89,899,8999,899923,Road Traffic Controller,5,
8,89,899,8999,899999,Labourers nec,5,
